NAME_1,作付面積（ha）,10a当たり収量(kg),収穫量(t),出荷量(t)
Tochigi,518,"4,380","22,700","21,300"
Fukuoka,435,"3,780","16,400","15,600"
Kumamoto,305,"4,000","12,200","11,500"
Naoasaki,268,"3,930","10,500","10,100"
Aichi,260,"3,990","10,400","9,850"
Shizuoka,292,"3,570","10,400","9,720"
Ibaraki,235,"3,740","8,790","8,420"
Saga,175,"4,320","7,560","6,920"
Chiba,215,"2,940","6,320","5,970"
Miyagi,131,"3,540","4,640","4,250"
Kagawa,85,"3,700","3,150","2,970"
Saitama,97,"3,180","3,080","2,760"
Gifu,112,"2,470","2,770","2,210"
Gunma,97,"2,630","2,550","2,400"
Miyazaki,72,"3,470","2,500","2,350"
Ehime,76,"3,250","2,470","2,250"
Nara,101,"2,270","2,290","2,090"
Yamaguchi,101,"2,270","2,290","1,900"
Fukushima,107,"2,110","2,260","2,000"
Hokkaido,101,"1,860","1,880","1,760"
Mie,69,"2,610","1,800","1,680"
Hyōgo,162,"1,030","1,670","1,060"
Niigata,97,"1,340","1,300","1,150"
Aomori,87,"1,440","1,250","1,050"
